optimal_threshold,model_auc,model_ks,n_features
0.5,0.7833992839595406,0.4274445447331669,348
